current_index,matched_index,score
2,0,0.8117920160293579
3,1,0.972339391708374
4,1,0.9263367056846619
